Tracker,Game_Date,Home_Team,Away_Team,Quarter,Game_Clock,Shot_Clock,Home_Strength,Away_Strength,Team,Event_Type,State,Player1,Location1_x,Location1_y,Net_Location,Shot_Angle,Result,Empty_Net,Goalie_Response,Shot_Type,Primary_Assist,Secondary_Assist,Rebound_Type,Rebound,Shot_Blocker,FO_Home,FO_Away,FO_Result,FO_Winning_Team,Turnover_Type,Home_Goalie,Away_Goalie,Min,Sec,Time_Stamp,Game,Season,Player1_Name,Primary_Assist_Name,Secondary_Assist_Name,FO_Home_Name,FO_Away_Name,Home_Goalie_Name,Away_Goalie_Name,Rebound_Team,Rebound_Name,Shot_Blocking_Team,Shot_Blocker_Name
Rob,4/21/24,Germany,England,1,5:11,6,5,5,Germany,Shot,Set,4,0.773145279,0.229868981,Under Left Arm,207.9586553,Miss,No,Clean Save,Assisted,13,NA,NA,NA,NA,NA,NA,NA,NA,NA,1,66,5,11,589,4-21 England vs Germany,2023,T. Helf,A. Andres,NA,NA,NA,R. Erhardt,L. Mayers,No Rebound,NA,No Shot Block,NA
Rob,4/21/24,Germany,England,1,5:32,11,5,5,England,Turnover,Set,4,0.250101043,0.713892928,NA,NA,NA,NA,NA,NA,NA,NA,NA,NA,NA,NA,NA,NA,NA,Interrupted Pass,1,66,5,32,568,4-21 England vs Germany,2023,T. Gage,NA,NA,NA,NA,R. Erhardt,L. Mayers,No Rebound,NA,No Shot Block,NA
Rob,4/21/24,Germany,England,1,6:07,22,5,5,Germany,Violation/Penalty,Set,NA,NA,NA,NA,NA,NA,NA,NA,NA,NA,NA,NA,NA,NA,NA,NA,NA,NA,NA,1,66,6,7,533,4-21 England vs Germany,2023,NA,NA,NA,NA,NA,R. Erhardt,L. Mayers,No Rebound,NA,No Shot Block,NA
Rob,4/21/24,Germany,England,1,6:43,0,5,5,England,Violation/Penalty,Set,NA,NA,NA,NA,NA,NA,NA,NA,NA,NA,NA,NA,NA,NA,NA,NA,NA,NA,NA,1,66,6,43,497,4-21 England vs Germany,2023,NA,NA,NA,NA,NA,R. Erhardt,L. Mayers,No Rebound,NA,No Shot Block,NA
Rob,4/21/24,Germany,England,1,7:08,11,5,5,Germany,Shot,Set,4,0.859718119,0.28081887,Left Miss,213.0259146,Miss,No,Not On Net,Assisted,17,NA,Defensive,13,NA,NA,NA,NA,NA,NA,1,66,7,8,472,4-21 England vs Germany,2023,T. Helf,L. Barker,NA,NA,NA,R. Erhardt,L. Mayers,England,NA,No Shot Block,NA
Rob,4/21/24,Germany,England,1,7:12,8,5,5,Germany,Turnover,Set,13,0.924647748,1.001395874,NA,NA,NA,NA,NA,NA,NA,NA,NA,NA,NA,NA,NA,NA,NA,Interrupted Pass,1,66,7,12,468,4-21 England vs Germany,2023,A. Andres,NA,NA,NA,NA,R. Erhardt,L. Mayers,No Rebound,NA,No Shot Block,NA
Rob,4/21/24,Germany,England,1,7:46,0,5,5,England,Violation/Penalty,Set,NA,NA,NA,NA,NA,NA,NA,NA,NA,NA,NA,NA,NA,NA,NA,NA,NA,NA,NA,1,66,7,46,434,4-21 England vs Germany,2023,NA,NA,NA,NA,NA,R. Erhardt,L. Mayers,No Rebound,NA,No Shot Block,NA
Rob,4/21/24,Germany,England,1,8:12,8,5,5,Germany,Shot,Set,12,0.777654281,0.730269678,Left Shoulder,162.2497451,Miss,No,Not Clean,Assisted,19,NA,Offensive,19,NA,NA,NA,NA,NA,NA,1,66,8,12,408,4-21 England vs Germany,2023,L. Lürken,L. Delker,NA,NA,NA,R. Erhardt,L. Mayers,Germany,L. Delker,No Shot Block,NA
Rob,4/21/24,Germany,England,1,8:15,29,5,5,Germany,Shot,Set,19,0.866932522,0.577420011,Top Miss,156.2497763,Miss,No,Not On Net,Rebound,NA,NA,Defensive,66,NA,NA,NA,NA,NA,NA,1,66,8,15,405,4-21 England vs Germany,2023,L. Delker,NA,NA,NA,NA,R. Erhardt,L. Mayers,England,L. Mayers,No Shot Block,NA
Rob,4/21/24,Germany,England,1,8:40,11,5,5,England,Shot,Set,32,0.136474191,0.719351845,Under Right Arm,165.7091825,Miss,No,Not Clean,Assisted,45,NA,Offensive,32,NA,NA,NA,NA,NA,NA,1,66,8,40,380,4-21 England vs Germany,2023,G. Rutter,E. Racle,NA,NA,NA,R. Erhardt,L. Mayers,England,G. Rutter,No Shot Block,NA
Rob,4/21/24,Germany,England,1,8:45,26,5,5,England,Turnover,Set,32,0.091384171,0.269901037,NA,NA,NA,NA,NA,NA,NA,NA,NA,NA,NA,NA,NA,NA,NA,Interrupted Pass,1,66,8,45,375,4-21 England vs Germany,2023,G. Rutter,NA,NA,NA,NA,R. Erhardt,L. Mayers,No Rebound,NA,No Shot Block,NA
Rob,4/21/24,Germany,England,1,8:59,17,5,5,Germany,Turnover,Set,11,0.921942347,0.286277787,NA,NA,NA,NA,NA,NA,NA,NA,NA,NA,NA,NA,NA,NA,NA,Stray Pass,1,66,8,59,361,4-21 England vs Germany,2023,A. Garbe,NA,NA,NA,NA,R. Erhardt,L. Mayers,No Rebound,NA,No Shot Block,NA
Rob,4/21/24,Germany,England,1,9:09,29,5,5,England,Turnover,Transition,2,0.696492245,0.357243704,NA,NA,NA,NA,NA,NA,NA,NA,NA,NA,NA,NA,NA,NA,NA,Stray Pass,1,66,9,9,351,4-21 England vs Germany,2023,L. Ford,NA,NA,NA,NA,R. Erhardt,L. Mayers,No Rebound,NA,No Shot Block,NA
Rob,4/21/24,Germany,England,1,9:28,26,5,5,Germany,Turnover,Transition,4,0.829958705,0.024249786,NA,NA,NA,NA,NA,NA,NA,NA,NA,NA,NA,NA,NA,NA,NA,Ball Lost,1,66,9,28,332,4-21 England vs Germany,2023,T. Helf,NA,NA,NA,NA,R. Erhardt,L. Mayers,No Rebound,NA,No Shot Block,NA
Rob,4/21/24,Germany,England,1,10:02,2,5,5,England,Shot,Set,22,0.144590395,0.419111427,Left Leg,161.6648353,Miss,No,Not Clean,Assisted,45,NA,Defensive,16,NA,NA,NA,NA,NA,NA,1,66,10,2,298,4-21 England vs Germany,2023,K. Greenwood,E. Racle,NA,NA,NA,R. Erhardt,L. Mayers,Germany,A. Richter,No Shot Block,NA
Rob,4/21/24,Germany,England,1,10:05,28,5,5,Germany,Turnover,Transition,16,0.092285971,0.593796761,NA,NA,NA,NA,NA,NA,NA,NA,NA,NA,NA,NA,NA,NA,NA,Stray Pass,1,66,10,5,295,4-21 England vs Germany,2023,A. Richter,NA,NA,NA,NA,R. Erhardt,L. Mayers,No Rebound,NA,No Shot Block,NA
Rob,4/21/24,Germany,England,1,10:24,19,5,5,England,Turnover,Set,72,0.35561169,0.251704648,NA,NA,NA,NA,NA,NA,NA,NA,NA,NA,NA,NA,NA,NA,NA,Ball Lost,1,66,10,24,276,4-21 England vs Germany,2023,L. Beaman,NA,NA,NA,NA,R. Erhardt,L. Mayers,No Rebound,NA,No Shot Block,NA
Rob,4/21/24,Germany,England,1,10:30,14,5,5,Germany,Shot,Transition,24,0.891281133,0.384538288,5-Hole,167.4770313,Miss,No,Not Clean,Movement,NA,NA,None,NA,NA,NA,NA,NA,NA,NA,1,66,10,30,270,4-21 England vs Germany,2023,T. Hartsieker,NA,NA,NA,NA,R. Erhardt,L. Mayers,No Rebound,NA,No Shot Block,NA
Rob,4/21/24,Germany,England,1,10:32,27,5,5,England,Violation/Penalty,Transition,NA,NA,NA,NA,NA,NA,NA,NA,NA,NA,NA,NA,NA,NA,NA,NA,NA,NA,NA,1,66,10,32,268,4-21 England vs Germany,2023,NA,NA,NA,NA,NA,R. Erhardt,L. Mayers,No Rebound,NA,No Shot Block,NA
Rob,4/21/24,Germany,England,1,11:15,20,5,4,Germany,Shot,Set,11,0.846191112,0.713892928,5-Hole,150.5695231,Goal,No,none,Movement,NA,NA,NA,NA,NA,NA,NA,NA,NA,NA,1,66,11,15,225,4-21 England vs Germany,2023,A. Garbe,NA,NA,NA,NA,R. Erhardt,L. Mayers,No Rebound,NA,No Shot Block,NA
Rob,4/21/24,Germany,England,1,12:17,10,5,5,Germany,Shot,Set,84,0.900299137,0.799415956,5-Hole,158.419828,Miss,No,Clean Save,Movement,NA,NA,NA,NA,NA,NA,NA,NA,NA,NA,1,66,12,17,163,4-21 England vs Germany,2023,T. Geissinger,NA,NA,NA,NA,R. Erhardt,L. Mayers,No Rebound,NA,No Shot Block,NA
Rob,4/21/24,Germany,England,1,12:38,14,5,5,England,Violation/Penalty,Transition,NA,NA,NA,NA,NA,NA,NA,NA,NA,NA,NA,NA,NA,NA,NA,NA,NA,NA,NA,1,66,12,38,142,4-21 England vs Germany,2023,NA,NA,NA,NA,NA,R. Erhardt,L. Mayers,No Rebound,NA,No Shot Block,NA
Rob,4/21/24,Germany,England,1,13:04,8,5,5,Germany,Shot,Set,11,0.82815510429999994,0.517371927,Left Leg,157.9122219,Miss,No,Not Clean,Movement,NA,NA,Offensive,20,NA,NA,NA,NA,NA,NA,1,66,13,4,116,4-21 England vs Germany,2023,A. Garbe,NA,NA,NA,NA,R. Erhardt,L. Mayers,Germany,K. Schäfer,No Shot Block,NA
Rob,4/21/24,Germany,England,1,13:33,6,5,5,Germany,Shot,Set,4,0.901200937,0.406373954,Left Shoulder,207.9536043,Miss,No,Clean Save,Assisted,11,NA,NA,NA,NA,NA,NA,NA,NA,NA,1,66,13,33,87,4-21 England vs Germany,2023,T. Helf,A. Garbe,NA,NA,NA,R. Erhardt,L. Mayers,No Rebound,NA,No Shot Block,NA
Rob,4/21/24,Germany,England,1,13:37,27,5,5,England,Violation/Penalty,Transition,NA,NA,NA,NA,NA,NA,NA,NA,NA,NA,NA,NA,NA,NA,NA,NA,NA,NA,NA,1,66,13,37,83,4-21 England vs Germany,2023,NA,NA,NA,NA,NA,R. Erhardt,L. Mayers,No Rebound,NA,No Shot Block,NA
Rob,4/21/24,Germany,England,1,13:58,25,5,5,Germany,Shot,Set,4,0.88587033,0.253524287,NA,215.4947249,Blocked,No,NA,Movement,NA,NA,Defensive,24,15,NA,NA,NA,NA,NA,1,66,13,58,62,4-21 England vs Germany,2023,T. Helf,NA,NA,NA,NA,R. Erhardt,L. Mayers,England,H. Foxcroft,England,C. Lane
Rob,4/21/24,Germany,England,1,14:11,26,5,5,England,Shot,Transition,7,0.159921002,0.675680511,Right Shoulder,149.9477499,Miss,No,Clean Save,Assisted,24,NA,NA,NA,NA,NA,NA,NA,NA,NA,1,66,14,11,49,4-21 England vs Germany,2023,L. Wright,H. Foxcroft,NA,NA,NA,R. Erhardt,L. Mayers,No Rebound,NA,No Shot Block,NA
Rob,4/21/24,Germany,England,1,14:22,20,5,5,Germany,Shot,Transition,81,0.876852326,0.275359954,Left Leg,157.6100496,Miss,No,Not Clean,Movement,NA,NA,Defensive,58,NA,NA,NA,NA,NA,NA,1,66,14,22,38,4-21 England vs Germany,2023,M. Rockrohr,NA,NA,NA,NA,R. Erhardt,L. Mayers,England,Z. Russell,No Shot Block,NA
Rob,4/21/24,Germany,England,1,14:45,9,5,5,England,Turnover,Set,11,0.227556032,0.6611234,NA,NA,NA,NA,NA,NA,NA,NA,NA,NA,NA,NA,NA,NA,NA,Ball Lost,1,66,14,45,15,4-21 England vs Germany,2023,L. Reynard,NA,NA,NA,NA,R. Erhardt,L. Mayers,No Rebound,NA,No Shot Block,NA
Rob,4/21/24,Germany,England,1,14:56,20,5,5,Germany,Turnover,Transition,16,0.227556032,0.282638509,NA,NA,NA,NA,NA,NA,NA,NA,NA,NA,NA,NA,NA,NA,NA,Ball Lost,1,66,14,56,4,4-21 England vs Germany,2023,A. Richter,NA,NA,NA,NA,R. Erhardt,L. Mayers,No Rebound,NA,No Shot Block,NA
Rob,4/21/24,Germany,England,1,15:01,29,5,5,England,Turnover,Transition,21,0.1563138,0.943167429,NA,NA,NA,NA,NA,NA,NA,NA,NA,NA,NA,NA,NA,NA,NA,Interrupted Pass,1,66,15,1,-1,4-21 England vs Germany,2023,R. Bathurst,NA,NA,NA,NA,R. Erhardt,L. Mayers,No Rebound,NA,No Shot Block,NA
Rob,4/21/24,Germany,England,1,15:19,11,5,5,Germany,Turnover,Set,86,0.785770485,0.970462013,NA,NA,NA,NA,NA,NA,NA,NA,NA,NA,NA,NA,NA,NA,NA,Stray Pass,1,66,15,19,-19,4-21 England vs Germany,2023,M. Steyer,NA,NA,NA,NA,R. Erhardt,L. Mayers,No Rebound,NA,No Shot Block,NA
Rob,4/21/24,Germany,England,1,15:44,13,5,5,England,Shot,Set,72,0.144590395,0.806694512,Left Miss,201.8933363,Miss,No,Not On Net,Assisted,75,NA,Offensive,2,NA,NA,NA,NA,NA,NA,1,66,15,44,-44,4-21 England vs Germany,2023,L. Beaman,L. Lewis,NA,NA,NA,R. Erhardt,L. Mayers,England,L. Ford,No Shot Block,NA
Rob,4/21/24,Germany,England,1,16:09,16,5,5,Germany,Shot,Set,4,0.746091267,0.420931066,Left Leg,217.8469625,Miss,No,Clean Save,Movement,NA,NA,NA,NA,NA,NA,NA,NA,NA,NA,1,66,16,9,-69,4-21 England vs Germany,2023,T. Helf,NA,NA,NA,NA,R. Erhardt,L. Mayers,No Rebound,NA,No Shot Block,NA
Rob,4/21/24,Germany,England,1,16:27,14,5,5,England,Violation/Penalty,Set,NA,NA,NA,NA,NA,NA,NA,NA,NA,NA,NA,NA,NA,NA,NA,NA,NA,NA,NA,1,66,16,27,-87,4-21 England vs Germany,2023,NA,NA,NA,NA,NA,R. Erhardt,L. Mayers,No Rebound,NA,No Shot Block,NA
Rob,4/21/24,Germany,England,1,17:11,25,4,5,England,Shot,Set,2,0.135572391,0.490077344,Left Shoulder,197.0756956,Miss,No,Not Clean,Assisted,72,NA,Defensive,26,NA,NA,NA,NA,NA,NA,1,66,17,11,-131,4-21 England vs Germany,2023,L. Ford,L. Beaman,NA,NA,NA,R. Erhardt,L. Mayers,Germany,E. Fuchshuber,No Shot Block,NA
Rob,4/21/24,Germany,England,1,17:23,19,4,5,Germany,Turnover,Transition,26,0.737975063,0.120690647,NA,NA,NA,NA,NA,NA,NA,NA,NA,NA,NA,NA,NA,NA,NA,Ball Lost,1,66,17,23,-143,4-21 England vs Germany,2023,E. Fuchshuber,NA,NA,NA,NA,R. Erhardt,L. Mayers,No Rebound,NA,No Shot Block,NA
Rob,4/21/24,Germany,England,1,17:44,18,4,5,England,Turnover,Transition,45,0.28887846,0.258983204,NA,NA,NA,NA,NA,NA,NA,NA,NA,NA,NA,NA,NA,NA,NA,Interrupted Pass,1,66,17,44,-164,4-21 England vs Germany,2023,E. Racle,NA,NA,NA,NA,R. Erhardt,L. Mayers,No Rebound,NA,No Shot Block,NA
Rob,4/21/24,Germany,England,1,18:11,6,4,5,Germany,Shot,Set,84,0.737975063,0.641107372,Chest,55.98099118,Miss,No,Clean Save,Movement,NA,NA,NA,NA,NA,NA,NA,NA,NA,NA,1,66,18,11,-191,4-21 England vs Germany,2023,T. Geissinger,NA,NA,NA,NA,R. Erhardt,L. Mayers,No Rebound,NA,No Shot Block,NA
Rob,4/21/24,Germany,England,1,18:39,5,4,5,England,Shot,Set,2,0.28797666,0.422750704,5-Hole,151.7523525,Goal,No,none,Assisted,21,NA,NA,NA,NA,NA,NA,NA,NA,NA,1,66,18,39,-219,4-21 England vs Germany,2023,L. Ford,R. Bathurst,NA,NA,NA,R. Erhardt,L. Mayers,No Rebound,NA,No Shot Block,NA
Rob,4/21/24,Germany,England,1,19:30,19,5,5,Germany,Shot,Set,4,0.847092913,0.426389982,Right Shoulder,215.5849933,Miss,No,Not Clean,Assisted,11,NA,None,NA,NA,NA,NA,NA,NA,NA,1,66,19,30,-270,4-21 England vs Germany,2023,T. Helf,A. Garbe,NA,NA,NA,R. Erhardt,L. Mayers,No Rebound,NA,No Shot Block,NA
Rob,4/21/24,Germany,England,1,20:15,0,5,5,Germany,Violation/Penalty,Set,NA,NA,NA,NA,NA,NA,NA,NA,NA,NA,NA,NA,NA,NA,NA,NA,NA,NA,NA,1,66,20,15,-315,4-21 England vs Germany,2023,NA,NA,NA,NA,NA,R. Erhardt,L. Mayers,No Rebound,NA,No Shot Block,NA
Rob,4/21/24,Germany,England,1,21:06,8,5,4,Germany,Shot,Set,11,0.88406673,0.764842817,5-Hole,162.4087084,Miss,No,Clean Save,Movement,NA,NA,NA,NA,NA,NA,NA,NA,NA,NA,1,66,21,6,-366,4-21 England vs Germany,2023,A. Garbe,NA,NA,NA,NA,R. Erhardt,L. Mayers,No Rebound,NA,No Shot Block,NA
Rob,4/21/24,Germany,England,1,22:05,0,5,4,Germany,Violation/Penalty,Set,NA,NA,NA,NA,NA,NA,NA,NA,NA,NA,NA,NA,NA,NA,NA,NA,NA,NA,NA,1,66,22,5,-425,4-21 England vs Germany,2023,NA,NA,NA,NA,NA,R. Erhardt,L. Mayers,No Rebound,NA,No Shot Block,NA
Rob,4/21/24,Germany,England,1,22:35,5,5,4,England,Turnover,Set,2,0.258217246,0.317211648,NA,NA,NA,NA,NA,NA,NA,NA,NA,NA,NA,NA,NA,NA,NA,Concession,1,66,22,35,-455,4-21 England vs Germany,2023,L. Ford,NA,NA,NA,NA,R. Erhardt,L. Mayers,No Rebound,NA,No Shot Block,NA
Rob,4/21/24,Germany,England,1,23:01,0,5,5,Germany,Clock Stoppage,Transition,NA,NA,NA,NA,NA,NA,NA,NA,NA,NA,NA,NA,NA,NA,NA,NA,NA,NA,NA,1,66,23,1,-481,4-21 England vs Germany,2023,NA,NA,NA,NA,NA,R. Erhardt,L. Mayers,No Rebound,NA,No Shot Block,NA
Rob,4/21/24,Germany,England,2,26:07:00,15,5,5,Germany,Violation/Penalty,Set,NA,NA,NA,NA,NA,NA,NA,NA,NA,NA,NA,NA,NA,NA,NA,NA,NA,NA,NA,1,66,26,7,233,4-21 England vs Germany,2023,NA,NA,NA,NA,NA,R. Erhardt,L. Mayers,No Rebound,NA,No Shot Block,NA
Rob,4/21/24,Germany,England,2,26:56:00,14,5,4,Germany,Shot,Set,13,0.078758965,0.357243704,Right Miss,114.3290317,Miss,No,Not On Net,Assisted,83,4,Offensive,4,NA,NA,NA,NA,NA,NA,1,66,26,56,184,4-21 England vs Germany,2023,A. Andres,L. Neubert,T. Helf,NA,NA,R. Erhardt,L. Mayers,Germany,T. Helf,No Shot Block,NA
Rob,4/21/24,Germany,England,2,27:04:00,6,5,4,Germany,Shot,Set,11,0.228457833,0.480979149,Left Leg,148.2154238,Miss,No,Not Clean,Assisted,4,NA,Offensive,13,NA,NA,NA,NA,NA,NA,1,66,27,4,176,4-21 England vs Germany,2023,A. Garbe,T. Helf,NA,NA,NA,R. Erhardt,L. Mayers,Germany,A. Andres,No Shot Block,NA
Rob,4/21/24,Germany,England,2,27:21:00,25,5,4,Germany,Shot,Set,4,0.215832627,0.537387955,Under Left Arm,215.849379,Goal,No,none,Assisted,11,NA,NA,NA,NA,NA,NA,NA,NA,NA,1,66,27,21,159,4-21 England vs Germany,2023,T. Helf,A. Garbe,NA,NA,NA,R. Erhardt,L. Mayers,No Rebound,NA,No Shot Block,NA
Rob,4/21/24,Germany,England,2,28:32:00,0,5,5,England,Violation/Penalty,Set,NA,NA,NA,NA,NA,NA,NA,NA,NA,NA,NA,NA,NA,NA,NA,NA,NA,NA,NA,1,66,28,32,88,4-21 England vs Germany,2023,NA,NA,NA,NA,NA,R. Erhardt,L. Mayers,No Rebound,NA,No Shot Block,NA
Rob,4/21/24,Germany,England,2,28:39:00,29,5,5,Germany,Shot,Transition,12,0.229359633,0.402734677,5-Hole,157.5574677,Miss,No,Not Clean,Movement,NA,NA,Offensive,12,NA,NA,NA,NA,NA,NA,1,66,28,39,81,4-21 England vs Germany,2023,L. Lürken,NA,NA,NA,NA,R. Erhardt,L. Mayers,Germany,L. Lürken,No Shot Block,NA
Rob,4/21/24,Germany,England,2,28:50:00,29,5,5,Germany,Turnover,Transition,12,0.317736073,0.044265813,NA,NA,NA,NA,NA,NA,NA,NA,NA,NA,NA,NA,NA,NA,NA,Interrupted Pass,1,66,28,50,70,4-21 England vs Germany,2023,L. Lürken,NA,NA,NA,NA,R. Erhardt,L. Mayers,No Rebound,NA,No Shot Block,NA
Rob,4/21/24,Germany,England,2,29:14:00,7,5,5,England,Shot,Set,2,0.704608448,0.524650483,Chest,160.528892,Miss,No,Clean Save,Movement,NA,NA,NA,NA,NA,NA,NA,NA,NA,NA,1,66,29,14,46,4-21 England vs Germany,2023,L. Ford,NA,NA,NA,NA,R. Erhardt,L. Mayers,No Rebound,NA,No Shot Block,NA
Rob,4/21/24,Germany,England,2,29:42:00,5,5,5,Germany,Shot,Set,4,0.20050202,0.757564262,Right Post,217.8923342,Miss,No,Not On Net,Movement,NA,NA,None,NA,NA,NA,NA,NA,NA,NA,1,66,29,42,18,4-21 England vs Germany,2023,T. Helf,NA,NA,NA,NA,R. Erhardt,L. Mayers,No Rebound,NA,No Shot Block,NA
Rob,4/21/24,Germany,England,2,30:30:00,0,5,5,Germany,Violation/Penalty,Set,NA,NA,NA,NA,NA,NA,NA,NA,NA,NA,NA,NA,NA,NA,NA,NA,NA,NA,NA,1,66,30,30,-30,4-21 England vs Germany,2023,NA,NA,NA,NA,NA,R. Erhardt,L. Mayers,No Rebound,NA,No Shot Block,NA
Rob,4/21/24,Germany,England,2,31:00:00,4,5,5,England,Shot,Set,21,0.981461174,0.379079371,Top Miss,Dive/Other,Miss,No,Not On Net,Assisted,22,NA,Defensive,16,NA,NA,NA,NA,NA,NA,1,66,31,0,-60,4-21 England vs Germany,2023,R. Bathurst,K. Greenwood,NA,NA,NA,R. Erhardt,L. Mayers,Germany,A. Richter,No Shot Block,NA
Rob,4/21/24,Germany,England,2,31:11:00,20,5,5,Germany,Turnover,Transition,26,0.42144312,0.299015259,NA,NA,NA,NA,NA,NA,NA,NA,NA,NA,NA,NA,NA,NA,NA,Ball Lost,1,66,31,11,-71,4-21 England vs Germany,2023,E. Fuchshuber,NA,NA,NA,NA,R. Erhardt,L. Mayers,No Rebound,NA,No Shot Block,NA
Rob,4/21/24,Germany,England,2,31:40:00,6,5,5,England,Shot,Set,50,0.699197646,0.863103318,Top Miss,150.8695526,Miss,No,Not On Net,Assisted,15,NA,Defensive,22,NA,NA,NA,NA,NA,NA,1,66,31,40,-100,4-21 England vs Germany,2023,F. Parshall,C. Lane,NA,NA,NA,R. Erhardt,L. Mayers,Germany,M. Wendt,No Shot Block,NA
Rob,4/21/24,Germany,England,2,32:05:00,8,5,5,Germany,Shot,Set,4,0.205011022,0.502814816,Left Miss,204.3127772,Miss,No,Not Clean,Movement,NA,NA,Offensive,13,NA,NA,NA,NA,NA,NA,1,66,32,5,-125,4-21 England vs Germany,2023,T. Helf,NA,NA,NA,NA,R. Erhardt,L. Mayers,Germany,A. Andres,No Shot Block,NA
Rob,4/21/24,Germany,England,2,32:09:00,4,5,5,Germany,Shot,Set,13,0.143688594,0.278999231,Under Right Arm,159.7811565,Miss,No,Clean Save,Rebound,NA,NA,NA,NA,NA,NA,NA,NA,NA,NA,1,66,32,9,-129,4-21 England vs Germany,2023,A. Andres,NA,NA,NA,NA,R. Erhardt,L. Mayers,No Rebound,NA,No Shot Block,NA
Rob,4/21/24,Germany,England,2,32:33:00,25,5,5,Germany,Shot,Transition,19,0.127456187,0.315392009,5-Hole,157.4074132,Goal,No,none,Movement,NA,NA,NA,NA,NA,NA,NA,NA,NA,NA,1,66,32,33,-153,4-21 England vs Germany,2023,L. Delker,NA,NA,NA,NA,R. Erhardt,L. Mayers,No Rebound,NA,No Shot Block,NA
Rob,4/21/24,Germany,England,2,33:02:00,23,5,5,England,Violation/Penalty,Transition,NA,NA,NA,NA,NA,NA,NA,NA,NA,NA,NA,NA,NA,NA,NA,NA,NA,NA,NA,1,66,33,2,-182,4-21 England vs Germany,2023,NA,NA,NA,NA,NA,R. Erhardt,L. Mayers,No Rebound,NA,No Shot Block,NA
Rob,4/21/24,Germany,England,2,34:59:00,2,5,5,England,Shot,Set,75,0.789377687,0.531929038,Right Miss,152.1067617,Miss,No,Not On Net,Assisted,21,NA,Defensive,7,NA,NA,NA,NA,NA,NA,1,66,34,59,-299,4-21 England vs Germany,2023,L. Lewis,R. Bathurst,NA,NA,NA,R. Erhardt,L. Mayers,Germany,M. Hannawald,No Shot Block,NA
Rob,4/21/24,Germany,England,2,35:11:00,21,5,5,Germany,Shot,Transition,86,0.119339983,0.544666511,Under Right Arm,136.299027,Miss,No,Not Clean,Assisted,4,NA,Offensive,84,NA,NA,NA,NA,NA,NA,1,66,35,11,-311,4-21 England vs Germany,2023,M. Steyer,T. Helf,NA,NA,NA,R. Erhardt,L. Mayers,Germany,T. Geissinger,No Shot Block,NA
Rob,4/21/24,Germany,England,2,35:37:00,10,5,5,Germany,Shot,Set,84,0.119339983,0.226229703,5-Hole,154.7824094,Miss,No,Clean Save,Movement,NA,NA,NA,NA,NA,NA,NA,NA,NA,NA,1,66,35,37,-337,4-21 England vs Germany,2023,T. Geissinger,NA,NA,NA,NA,R. Erhardt,L. Mayers,No Rebound,NA,No Shot Block,NA
Rob,4/21/24,Germany,England,2,36:00:00,10,5,5,England,Shot,Set,75,0.822744302,0.803055234,Right Miss,145.9231794,Miss,No,Not On Net,Assisted,21,NA,Offensive,21,NA,NA,NA,NA,NA,NA,1,66,36,0,-360,4-21 England vs Germany,2023,L. Lewis,R. Bathurst,NA,NA,NA,R. Erhardt,L. Mayers,England,R. Bathurst,No Shot Block,NA
Rob,4/21/24,Germany,England,2,36:08:00,1,5,5,England,Shot,Set,2,0.712724652,0.530109399,Chest,159.6284456,Miss,No,Clean Save,Assisted,21,NA,NA,NA,NA,NA,NA,NA,NA,NA,1,66,36,8,-368,4-21 England vs Germany,2023,L. Ford,R. Bathurst,NA,NA,NA,R. Erhardt,L. Mayers,No Rebound,NA,No Shot Block,NA
Rob,4/21/24,Germany,England,2,36:16:00,27,5,5,Germany,Turnover,Transition,1,0.921040546,0.484618427,NA,NA,NA,NA,NA,NA,NA,NA,NA,NA,NA,NA,NA,NA,NA,Interrupted Pass,1,66,36,16,-376,4-21 England vs Germany,2023,R. Erhardt,NA,NA,NA,NA,R. Erhardt,L. Mayers,No Rebound,NA,No Shot Block,NA
Rob,4/21/24,Germany,England,2,36:33:00,9,5,5,England,Shot,Set,45,0.88406673,0.797596318,5-Hole,159.5348786,Miss,No,Not Clean,Movement,NA,NA,Offensive,75,NA,NA,NA,NA,NA,NA,1,66,36,33,-393,4-21 England vs Germany,2023,E. Racle,NA,NA,NA,NA,R. Erhardt,L. Mayers,England,L. Lewis,No Shot Block,NA
Rob,4/21/24,Germany,England,2,36:35:00,30,5,5,England,Shot,Set,75,0.88406673,0.530109399,5-Hole,160.3051176,Miss,No,Not Clean,Rebound,NA,NA,None,NA,NA,NA,NA,NA,NA,NA,1,66,36,35,-395,4-21 England vs Germany,2023,L. Lewis,NA,NA,NA,NA,R. Erhardt,L. Mayers,No Rebound,NA,No Shot Block,NA
Rob,4/21/24,Germany,England,2,37:05:00,2,5,5,Germany,Shot,Set,20,0.258217246,0.433668538,Left Miss,226.4609949,Miss,No,Not On Net,Assisted,4,NA,None,NA,NA,NA,NA,NA,NA,NA,1,66,37,5,-425,4-21 England vs Germany,2023,K. Schäfer,T. Helf,NA,NA,NA,R. Erhardt,L. Mayers,No Rebound,NA,No Shot Block,NA
Rob,4/21/24,Germany,England,2,37:40:00,4,5,5,England,Shot,Set,72,0.719939055,0.442766732,5-Hole,138.7453385,Miss,No,Clean Save,Assisted,75,NA,NA,NA,NA,NA,NA,NA,NA,NA,1,66,37,40,-460,4-21 England vs Germany,2023,L. Beaman,L. Lewis,NA,NA,NA,R. Erhardt,L. Mayers,No Rebound,NA,No Shot Block,NA
Rob,4/21/24,Germany,England,2,37:53:00,20,5,5,Germany,Violation/Penalty,Transition,NA,NA,NA,NA,NA,NA,NA,NA,NA,NA,NA,NA,NA,NA,NA,NA,NA,NA,NA,1,66,37,53,-473,4-21 England vs Germany,2023,NA,NA,NA,NA,NA,R. Erhardt,L. Mayers,No Rebound,NA,No Shot Block,NA
Rob,4/21/24,Germany,England,2,38:00:00,27,5,5,England,Turnover,Transition,11,0.801101092,0.500995177,NA,NA,NA,NA,NA,NA,NA,NA,NA,NA,NA,NA,NA,NA,NA,Ball Lost,1,66,38,0,-480,4-21 England vs Germany,2023,L. Reynard,NA,NA,NA,NA,R. Erhardt,L. Mayers,No Rebound,NA,No Shot Block,NA
Rob,4/21/24,Germany,England,2,38:08:00,24,5,5,Germany,Shot,Transition,11,0.101303975,0.417291788,Left Shoulder,Dive/Other,Goal,No,none,Movement,NA,NA,NA,NA,NA,NA,NA,NA,NA,NA,1,66,38,8,-488,4-21 England vs Germany,2023,A. Garbe,NA,NA,NA,NA,R. Erhardt,L. Mayers,No Rebound,NA,No Shot Block,NA
Rob,4/21/24,Germany,England,2,38:59:00,5,5,5,Germany,Shot,Set,86,0.06793736,0.36452226,Right Miss,Dive/Other,Miss,No,Not On Net,Movement,NA,NA,None,NA,NA,NA,NA,NA,NA,NA,1,66,38,59,-539,4-21 England vs Germany,2023,M. Steyer,NA,NA,NA,NA,R. Erhardt,L. Mayers,No Rebound,NA,No Shot Block,NA
Rob,4/21/24,Germany,England,2,40:30:00,8,5,5,England,Shot,Set,72,0.858816318,0.812153429,Right Miss,137.6158979,Miss,No,Not On Net,Assisted,45,NA,Offensive,75,NA,NA,NA,NA,NA,NA,1,66,40,30,-630,4-21 England vs Germany,2023,L. Beaman,E. Racle,NA,NA,NA,R. Erhardt,L. Mayers,England,L. Lewis,No Shot Block,NA
Rob,4/21/24,Germany,England,2,40:38:00,0,5,5,England,Violation/Penalty,Set,NA,NA,NA,NA,NA,NA,NA,NA,NA,NA,NA,NA,NA,NA,NA,NA,NA,NA,NA,1,66,40,38,-638,4-21 England vs Germany,2023,NA,NA,NA,NA,NA,R. Erhardt,L. Mayers,No Rebound,NA,No Shot Block,NA
Rob,4/21/24,Germany,England,2,41:00:00,16,5,5,Germany,Shot,Set,19,0.188778615,0.322670565,Right Miss,100.5028673,Miss,No,Not On Net,Movement,NA,NA,Offensive,4,NA,NA,NA,NA,NA,NA,1,66,41,0,-660,4-21 England vs Germany,2023,L. Delker,NA,NA,NA,NA,R. Erhardt,L. Mayers,Germany,T. Helf,No Shot Block,NA
Rob,4/21/24,Germany,England,2,41:02:00,13,5,5,Germany,Shot,Set,4,0.080562566,0.690237623,Under Left Arm,205.0362122,Miss,No,Not Clean,Rebound,NA,NA,Offensive,83,NA,NA,NA,NA,NA,NA,1,66,41,2,-662,4-21 England vs Germany,2023,T. Helf,NA,NA,NA,NA,R. Erhardt,L. Mayers,Germany,L. Neubert,No Shot Block,NA
Rob,4/21/24,Germany,England,2,41:22:00,16,5,5,Germany,Shot,Set,83,0.17795701,0.664762678,5-Hole,210.8512933,Miss,No,Clean Save,Assisted,13,NA,NA,NA,NA,NA,NA,NA,NA,NA,1,66,41,22,-682,4-21 England vs Germany,2023,L. Neubert,A. Andres,NA,NA,NA,R. Erhardt,L. Mayers,No Rebound,NA,No Shot Block,NA
Rob,4/21/24,Germany,England,2,41:39:00,14,5,5,England,Shot,Set,21,0.888575732,0.282638509,Top Miss,214.9571901,Miss,No,Not On Net,Movement,NA,NA,None,NA,NA,NA,NA,NA,NA,NA,1,66,41,39,-699,4-21 England vs Germany,2023,R. Bathurst,NA,NA,NA,NA,R. Erhardt,L. Mayers,No Rebound,NA,No Shot Block,NA
Rob,4/21/24,Germany,England,2,41:53:00,28,5,5,Germany,Shot,Transition,12,0.197796619,0.36452226,5-Hole,220.7668126,Miss,No,Clean Save,Movement,NA,NA,NA,NA,NA,NA,NA,NA,NA,NA,1,66,41,53,-713,4-21 England vs Germany,2023,L. Lürken,NA,NA,NA,NA,R. Erhardt,L. Mayers,No Rebound,NA,No Shot Block,NA
Rob,4/21/24,Germany,England,2,42:15:00,9,5,5,England,Shot,Set,75,0.847994713,0.786678484,Right Miss,142.6423302,Miss,No,Not On Net,Movement,NA,NA,Offensive,50,NA,NA,NA,NA,NA,NA,1,66,42,15,-735,4-21 England vs Germany,2023,L. Lewis,NA,NA,NA,NA,R. Erhardt,L. Mayers,England,F. Parshall,No Shot Block,NA
Rob,4/21/24,Germany,England,2,42:25:00,0,5,5,England,Violation/Penalty,Set,NA,NA,NA,NA,NA,NA,NA,NA,NA,NA,NA,NA,NA,NA,NA,NA,NA,NA,NA,1,66,42,25,-745,4-21 England vs Germany,2023,NA,NA,NA,NA,NA,R. Erhardt,L. Mayers,No Rebound,NA,No Shot Block,NA
Rob,4/21/24,Germany,England,2,42:46:00,19,5,5,Germany,Shot,Set,20,0.140081393,0.722991123,NA,206.0548043,Blocked,No,NA,Assisted,86,NA,None,NA,43,NA,NA,NA,NA,NA,1,66,42,46,-766,4-21 England vs Germany,2023,K. Schäfer,M. Steyer,NA,NA,NA,R. Erhardt,L. Mayers,No Rebound,NA,England,E. Breach
Rob,4/21/24,Germany,England,2,44:41:00,18,5,4,Germany,Shot,Set,86,0.142786794,0.428209621,Under Right Arm,156.9194458,Miss,No,Not Clean,Movement,NA,NA,Offensive,11,NA,NA,NA,NA,NA,NA,1,66,44,41,-881,4-21 England vs Germany,2023,M. Steyer,NA,NA,NA,NA,R. Erhardt,L. Mayers,Germany,A. Garbe,No Shot Block,NA
Rob,4/21/24,Germany,England,2,44:43:00,29,5,4,Germany,Shot,Set,11,0.088678769,0.64474665,Chest,167.0057328,Miss,No,Not Clean,Rebound,NA,NA,Defensive,73,NA,NA,NA,NA,NA,NA,1,66,44,43,-883,4-21 England vs Germany,2023,A. Garbe,NA,NA,NA,NA,R. Erhardt,L. Mayers,England,D. Emetulu,No Shot Block,NA
Rob,4/21/24,Germany,England,2,44:58:00,19,5,4,England,Violation/Penalty,Transition,NA,NA,NA,NA,NA,NA,NA,NA,NA,NA,NA,NA,NA,NA,NA,NA,NA,NA,NA,1,66,44,58,-898,4-21 England vs Germany,2023,NA,NA,NA,NA,NA,R. Erhardt,L. Mayers,No Rebound,NA,No Shot Block,NA
Rob,4/21/24,Germany,England,2,45:22:00,12,5,4,Germany,Shot,Set,13,0.09048237,0.320850926,5-Hole,153.740534,Miss,No,Clean Save,Assisted,83,NA,NA,NA,NA,NA,NA,NA,NA,NA,1,66,45,22,-922,4-21 England vs Germany,2023,A. Andres,L. Neubert,NA,NA,NA,R. Erhardt,L. Mayers,No Rebound,NA,No Shot Block,NA
Rob,4/21/24,Germany,England,2,45:38:00,15,5,4,England,Shot,Set,45,0.898495536,0.770301734,Crossbar,153.9511815,Miss,No,Not On Net,Movement,NA,NA,Offensive,50,NA,NA,NA,NA,NA,NA,1,66,45,38,-938,4-21 England vs Germany,2023,E. Racle,NA,NA,NA,NA,R. Erhardt,L. Mayers,England,F. Parshall,No Shot Block,NA
Rob,4/21/24,Germany,England,2,45:51:00,18,5,4,England,Turnover,Set,45,0.802002892,0.659303761,NA,NA,NA,NA,NA,NA,NA,NA,NA,NA,NA,NA,NA,NA,NA,Ball Lost,1,66,45,51,-951,4-21 England vs Germany,2023,E. Racle,NA,NA,NA,NA,R. Erhardt,L. Mayers,No Rebound,NA,No Shot Block,NA
Rob,4/21/24,Germany,England,2,45:59:00,27,5,4,Germany,Turnover,Transition,12,0.322245075,0.349965148,NA,NA,NA,NA,NA,NA,NA,NA,NA,NA,NA,NA,NA,NA,NA,Ball Lost,1,66,45,59,-959,4-21 England vs Germany,2023,L. Lürken,NA,NA,NA,NA,R. Erhardt,L. Mayers,No Rebound,NA,No Shot Block,NA
Rob,4/21/24,Germany,England,2,46:10:00,24,5,4,England,Shot,Transition,6,0.856110917,0.269901037,Right Shoulder,Dive/Other,Goal,No,none,Movement,NA,NA,NA,NA,NA,NA,NA,NA,NA,NA,1,66,46,10,-970,4-21 England vs Germany,2023,H. Prettyman,NA,NA,NA,NA,R. Erhardt,L. Mayers,No Rebound,NA,No Shot Block,NA
Rob,4/21/24,Germany,England,2,47:10:00,13,5,4,Germany,Shot,Set,4,0.190582216,0.748466067,Left Miss,266.6217501,Miss,No,Not On Net,Assisted,86,NA,Defensive,15,NA,NA,NA,NA,NA,NA,1,66,47,10,-1030,4-21 England vs Germany,2023,T. Helf,M. Steyer,NA,NA,NA,R. Erhardt,L. Mayers,England,C. Lane,No Shot Block,NA
Rob,4/21/24,Germany,England,3,1:04:15,6,5,5,England,Turnover,Set,50,0.250101043,0.797596318,NA,NA,NA,NA,NA,NA,NA,NA,NA,NA,NA,NA,NA,NA,NA,Interrupted Pass,1,91,1,15,2625,4-21 England vs Germany,2023,F. Parshall,NA,NA,NA,NA,R. Erhardt,T. Podger,No Rebound,NA,No Shot Block,NA
Rob,4/21/24,Germany,England,3,1:04:23,26,5,5,Germany,Violation/Penalty,Transition,NA,NA,NA,NA,NA,NA,NA,NA,NA,NA,NA,NA,NA,NA,NA,NA,NA,NA,NA,1,91,1,23,2617,4-21 England vs Germany,2023,NA,NA,NA,NA,NA,R. Erhardt,T. Podger,No Rebound,NA,No Shot Block,NA
Rob,4/21/24,Germany,England,3,1:05:00,15,5,5,England,Violation/Penalty,Set,NA,NA,NA,NA,NA,NA,NA,NA,NA,NA,NA,NA,NA,NA,NA,NA,NA,NA,NA,1,91,1,0,2640,4-21 England vs Germany,2023,NA,NA,NA,NA,NA,R. Erhardt,T. Podger,No Rebound,NA,No Shot Block,NA
Rob,4/21/24,Germany,England,3,1:05:36,0,5,5,England,Violation/Penalty,Set,NA,NA,NA,NA,NA,NA,NA,NA,NA,NA,NA,NA,NA,NA,NA,NA,NA,NA,NA,1,91,1,36,2604,4-21 England vs Germany,2023,NA,NA,NA,NA,NA,R. Erhardt,T. Podger,No Rebound,NA,No Shot Block,NA
Rob,4/21/24,Germany,England,3,1:05:48,20,5,5,Germany,Turnover,Transition,11,0.582865393,0.957724541,NA,NA,NA,NA,NA,NA,NA,NA,NA,NA,NA,NA,NA,NA,NA,Stray Pass,1,91,1,48,2592,4-21 England vs Germany,2023,A. Garbe,NA,NA,NA,NA,R. Erhardt,T. Podger,No Rebound,NA,No Shot Block,NA
Rob,4/21/24,Germany,England,3,1:06:08,20,5,5,England,Shot,Transition,24,0.110321979,0.646566289,Left Shoulder,155.1088648,Goal,No,none,Assisted,2,NA,NA,NA,NA,NA,NA,NA,NA,NA,1,91,1,8,2632,4-21 England vs Germany,2023,H. Foxcroft,L. Ford,NA,NA,NA,R. Erhardt,T. Podger,No Rebound,NA,No Shot Block,NA
Rob,4/21/24,Germany,England,3,1:07:23,3,5,5,England,Shot,Set,21,0.205912823,0.966822735,Left Miss,210.7214247,Miss,No,Not On Net,Movement,NA,NA,None,NA,NA,NA,NA,NA,NA,NA,1,91,1,23,2617,4-21 England vs Germany,2023,R. Bathurst,NA,NA,NA,NA,R. Erhardt,T. Podger,No Rebound,NA,No Shot Block,NA
Rob,4/21/24,Germany,England,3,1:07:32,26,5,5,Germany,Turnover,Transition,17,0.673947234,0.886758624,NA,NA,NA,NA,NA,NA,NA,NA,NA,NA,NA,NA,NA,NA,NA,Ball Lost,1,91,1,32,2608,4-21 England vs Germany,2023,L. Barker,NA,NA,NA,NA,R. Erhardt,T. Podger,No Rebound,NA,No Shot Block,NA
Rob,4/21/24,Germany,England,3,1:07:51,16,5,5,England,Turnover,Set,4,0.259119047,0.903135374,NA,NA,NA,NA,NA,NA,NA,NA,NA,NA,NA,NA,NA,NA,NA,Interrupted Pass,1,91,1,51,2589,4-21 England vs Germany,2023,T. Gage,NA,NA,NA,NA,R. Erhardt,T. Podger,No Rebound,NA,No Shot Block,NA
Rob,4/21/24,Germany,England,3,1:08:25,4,5,5,Germany,Shot,Set,4,0.79659209,0.29719562,Left Miss,246.5373898,Miss,No,Not On Net,Movement,NA,NA,Defensive,91,NA,NA,NA,NA,NA,NA,1,91,1,25,2615,4-21 England vs Germany,2023,T. Helf,NA,NA,NA,NA,R. Erhardt,T. Podger,England,T. Podger,No Shot Block,NA
Rob,4/21/24,Germany,England,3,1:08:55,24,5,5,Germany,Turnover,Transition,11,0.742484066,0.260802842,NA,NA,NA,NA,NA,NA,NA,NA,NA,NA,NA,NA,NA,NA,NA,Interrupted Pass,1,91,1,55,2585,4-21 England vs Germany,2023,A. Garbe,NA,NA,NA,NA,R. Erhardt,T. Podger,No Rebound,NA,No Shot Block,NA
Rob,4/21/24,Germany,England,3,1:09:23,12,5,5,England,Shot,Set,2,0.207716423,0.482798788,Left Shoulder,149.0532719,Goal,No,none,Movement,NA,NA,NA,NA,NA,NA,NA,NA,NA,NA,1,91,1,23,2617,4-21 England vs Germany,2023,L. Ford,NA,NA,NA,NA,R. Erhardt,T. Podger,No Rebound,NA,No Shot Block,NA
Rob,4/21/24,Germany,England,3,1:10:14,16,5,5,Germany,Turnover,Set,12,0.631562615,0.329949121,NA,NA,NA,NA,NA,NA,NA,NA,NA,NA,NA,NA,NA,NA,NA,Interrupted Pass,1,91,1,14,2626,4-21 England vs Germany,2023,L. Lürken,NA,NA,NA,NA,R. Erhardt,T. Podger,No Rebound,NA,No Shot Block,NA
Rob,4/21/24,Germany,England,3,1:10:19,29,5,5,England,Turnover,Transition,11,0.652304025,0.142526314,NA,NA,NA,NA,NA,NA,NA,NA,NA,NA,NA,NA,NA,NA,NA,Ball Lost,1,91,1,19,2621,4-21 England vs Germany,2023,L. Reynard,NA,NA,NA,NA,R. Erhardt,T. Podger,No Rebound,NA,No Shot Block,NA
Rob,4/21/24,Germany,England,3,1:10:35,12,5,5,Germany,Turnover,Set,12,0.706412049,0.499175538,NA,NA,NA,NA,NA,NA,NA,NA,NA,NA,NA,NA,NA,NA,NA,Interrupted Pass,1,91,1,35,2605,4-21 England vs Germany,2023,L. Lürken,NA,NA,NA,NA,R. Erhardt,T. Podger,No Rebound,NA,No Shot Block,NA
Rob,4/21/24,Germany,England,3,1:11:02,8,5,5,England,Shot,Set,45,0.131063389,0.291736704,Left Miss,149.6600028,Miss,No,Not On Net,Assisted,72,NA,None,NA,NA,NA,NA,NA,NA,NA,1,91,1,2,2638,4-21 England vs Germany,2023,E. Racle,L. Beaman,NA,NA,NA,R. Erhardt,T. Podger,No Rebound,NA,No Shot Block,NA
Rob,4/21/24,Germany,England,3,1:11:38,21,5,5,England,Turnover,Set,2,0.232966835,0.146165592,NA,NA,NA,NA,NA,NA,NA,NA,NA,NA,NA,NA,NA,NA,NA,Interrupted Pass,1,91,1,38,2602,4-21 England vs Germany,2023,L. Ford,NA,NA,NA,NA,R. Erhardt,T. Podger,No Rebound,NA,No Shot Block,NA
Rob,4/21/24,Germany,England,3,1:12:06,16,5,5,England,Violation/Penalty,Transition,NA,NA,NA,NA,NA,NA,NA,NA,NA,NA,NA,NA,NA,NA,NA,NA,NA,NA,NA,1,91,1,6,2634,4-21 England vs Germany,2023,NA,NA,NA,NA,NA,R. Erhardt,T. Podger,No Rebound,NA,No Shot Block,NA
Rob,4/21/24,Germany,England,3,1:12:19,24,5,5,Germany,Turnover,Transition,86,0.701001247,0.553764705,NA,NA,NA,NA,NA,NA,NA,NA,NA,NA,NA,NA,NA,NA,NA,Ball Lost,1,91,1,19,2621,4-21 England vs Germany,2023,M. Steyer,NA,NA,NA,NA,R. Erhardt,T. Podger,No Rebound,NA,No Shot Block,NA
Rob,4/21/24,Germany,England,3,1:12:30,21,5,5,England,Turnover,Transition,4,0.341182884,0.460963121,NA,NA,NA,NA,NA,NA,NA,NA,NA,NA,NA,NA,NA,NA,NA,Ball Lost,1,91,1,30,2610,4-21 England vs Germany,2023,T. Gage,NA,NA,NA,NA,R. Erhardt,T. Podger,No Rebound,NA,No Shot Block,NA
Rob,4/21/24,Germany,England,3,1:12:38,13,5,5,Germany,Violation/Penalty,Transition,NA,NA,NA,NA,NA,NA,NA,NA,NA,NA,NA,NA,NA,NA,NA,NA,NA,NA,NA,1,91,1,38,2602,4-21 England vs Germany,2023,NA,NA,NA,NA,NA,R. Erhardt,T. Podger,No Rebound,NA,No Shot Block,NA
Rob,4/21/24,Germany,England,3,1:13:16,21,4,5,England,Shot,Set,75,0.124750786,0.624730622,Under Right Arm,286.061581,Miss,No,Not Clean,Assisted,45,2,Defensive,81,NA,NA,NA,NA,NA,NA,1,91,1,16,2624,4-21 England vs Germany,2023,L. Lewis,E. Racle,L. Ford,NA,NA,R. Erhardt,T. Podger,Germany,M. Rockrohr,No Shot Block,NA
Rob,4/21/24,Germany,England,3,1:13:49,3,4,5,Germany,Shot,Set,4,0.677554436,0.100674619,Left Miss,277.2424871,Miss,No,Not On Net,Movement,NA,NA,Defensive,91,NA,NA,NA,NA,NA,NA,1,91,1,49,2591,4-21 England vs Germany,2023,T. Helf,NA,NA,NA,NA,R. Erhardt,T. Podger,England,T. Podger,No Shot Block,NA
Rob,4/21/24,Germany,England,3,1:14:20,0,4,5,England,Violation/Penalty,Set,NA,NA,NA,NA,NA,NA,NA,NA,NA,NA,NA,NA,NA,NA,NA,NA,NA,NA,NA,1,91,1,20,2620,4-21 England vs Germany,2023,NA,NA,NA,NA,NA,R. Erhardt,T. Podger,No Rebound,NA,No Shot Block,NA
Rob,4/21/24,Germany,England,3,1:14:33,23,4,5,Germany,Turnover,Transition,17,0.739778664,0.997756596,NA,NA,NA,NA,NA,NA,NA,NA,NA,NA,NA,NA,NA,NA,NA,Ball Lost,1,91,1,33,2607,4-21 England vs Germany,2023,L. Barker,NA,NA,NA,NA,R. Erhardt,T. Podger,No Rebound,NA,No Shot Block,NA
Rob,4/21/24,Germany,England,3,1:14:58,29,4,5,England,Shot,Set,75,0.286173059,0.355424065,Right Miss,106.8201278,Miss,No,Not On Net,Movement,NA,NA,None,NA,NA,NA,NA,NA,NA,NA,1,91,1,58,2582,4-21 England vs Germany,2023,L. Lewis,NA,NA,NA,NA,R. Erhardt,T. Podger,No Rebound,NA,No Shot Block,NA
Rob,4/21/24,Germany,England,3,1:15:46,18,4,5,England,Shot,Set,45,0.080562566,0.355424065,Left Post,143.0172233,Miss,No,Not On Net,Assisted,2,72,Offensive,45,NA,NA,NA,NA,NA,NA,1,91,1,46,2594,4-21 England vs Germany,2023,E. Racle,L. Ford,L. Beaman,NA,NA,R. Erhardt,T. Podger,England,E. Racle,No Shot Block,NA
Rob,4/21/24,Germany,England,3,1:16:00,19,4,5,Germany,Violation/Penalty,Set,NA,NA,NA,NA,NA,NA,NA,NA,NA,NA,NA,NA,NA,NA,NA,NA,NA,NA,NA,1,91,1,0,2640,4-21 England vs Germany,2023,NA,NA,NA,NA,NA,R. Erhardt,T. Podger,No Rebound,NA,No Shot Block,NA
Rob,4/21/24,Germany,England,3,1:16:22,18,4,5,England,Shot,Set,2,0.166233605,0.289917065,Chest,109.519338,Miss,No,Not Clean,Assisted,72,21,Defensive,19,NA,NA,NA,NA,NA,NA,1,91,1,22,2618,4-21 England vs Germany,2023,L. Ford,L. Beaman,R. Bathurst,NA,NA,R. Erhardt,T. Podger,Germany,L. Delker,No Shot Block,NA
Rob,4/21/24,Germany,England,3,1:16:38,16,4,5,Germany,Turnover,Transition,19,0.976050371,0.968642374,NA,NA,NA,NA,NA,NA,NA,NA,NA,NA,NA,NA,NA,NA,NA,Ball Lost,1,91,1,38,2602,4-21 England vs Germany,2023,L. Delker,NA,NA,NA,NA,R. Erhardt,T. Podger,No Rebound,NA,No Shot Block,NA
Rob,4/21/24,Germany,England,3,1:16:56,18,4,5,England,Shot,Transition,75,0.170742607,0.604714594,Right Miss,288.1106956,Miss,No,Not On Net,Assisted,45,NA,None,NA,NA,NA,NA,NA,NA,NA,1,91,1,56,2584,4-21 England vs Germany,2023,L. Lewis,E. Racle,NA,NA,NA,R. Erhardt,T. Podger,No Rebound,NA,No Shot Block,NA
Rob,4/21/24,Germany,England,3,1:17:42,20,3,5,England,Shot,Set,32,0.166233605,0.271720676,Left Leg,122.8767063,Miss,No,Not Clean,Assisted,22,NA,Defensive,81,NA,NA,NA,NA,NA,NA,1,91,1,42,2598,4-21 England vs Germany,2023,G. Rutter,K. Greenwood,NA,NA,NA,R. Erhardt,T. Podger,Germany,M. Rockrohr,No Shot Block,NA
Rob,4/21/24,Germany,England,3,1:18:13,1,3,5,Germany,Shot,Set,17,0.859718119,0.144345953,Left Shoulder,166.8729544,Miss,No,Not Clean,Movement,NA,NA,Offensive,11,NA,NA,NA,NA,NA,NA,1,91,1,13,2627,4-21 England vs Germany,2023,L. Barker,NA,NA,NA,NA,R. Erhardt,T. Podger,Germany,A. Garbe,No Shot Block,NA
Rob,4/21/24,Germany,England,3,1:18:29,26,3,5,Germany,Shot,Transition,11,0.865128921,0.300834898,Right Leg,154.6844638,Miss,No,Not Clean,Movement,NA,NA,Defensive,44,NA,NA,NA,NA,NA,NA,1,91,1,29,2611,4-21 England vs Germany,2023,A. Garbe,NA,NA,NA,NA,R. Erhardt,T. Podger,England,L. Hurley,No Shot Block,NA
Rob,4/21/24,Germany,England,3,1:18:47,27,4,5,England,Turnover,Transition,44,0.742484066,0.399095399,NA,NA,NA,NA,NA,NA,NA,NA,NA,NA,NA,NA,NA,NA,NA,Ball Lost,1,91,1,47,2593,4-21 England vs Germany,2023,L. Hurley,NA,NA,NA,NA,R. Erhardt,T. Podger,No Rebound,NA,No Shot Block,NA
Rob,4/21/24,Germany,England,3,1:18:57,25,4,5,Germany,Shot,Transition,11,0.889477532,0.388177565,5-Hole,205.8543726,Miss,No,Clean Save,Movement,NA,NA,NA,NA,NA,NA,NA,NA,NA,NA,1,91,1,57,2583,4-21 England vs Germany,2023,A. Garbe,NA,NA,NA,NA,R. Erhardt,T. Podger,No Rebound,NA,No Shot Block,NA
Rob,4/21/24,Germany,England,3,1:19:09,19,4,5,England,Turnover,Transition,75,0.226654232,0.46278276,NA,NA,NA,NA,NA,NA,NA,NA,NA,NA,NA,NA,NA,NA,NA,Ball Lost,1,91,1,9,2631,4-21 England vs Germany,2023,L. Lewis,NA,NA,NA,NA,R. Erhardt,T. Podger,No Rebound,NA,No Shot Block,NA
Rob,4/21/24,Germany,England,3,1:19:26,20,4,5,Germany,Turnover,Transition,81,0.55400778,-0.013962631,NA,NA,NA,NA,NA,NA,NA,NA,NA,NA,NA,NA,NA,NA,NA,Ball Lost,1,91,1,26,2614,4-21 England vs Germany,2023,M. Rockrohr,NA,NA,NA,NA,R. Erhardt,T. Podger,No Rebound,NA,No Shot Block,NA
Rob,4/21/24,Germany,England,3,1:20:07,28,5,5,England,Violation/Penalty,Transition,NA,NA,NA,NA,NA,NA,NA,NA,NA,NA,NA,NA,NA,NA,NA,NA,NA,NA,NA,1,91,1,7,2633,4-21 England vs Germany,2023,NA,NA,NA,NA,NA,R. Erhardt,T. Podger,No Rebound,NA,No Shot Block,NA
Rob,4/21/24,Germany,England,3,1:20:42,3,5,5,Germany,Shot,Set,84,0.86242352,0.009692674,Left Leg,170.5767196,Miss,No,Clean Save,Movement,NA,NA,NA,NA,NA,NA,NA,NA,NA,NA,1,91,1,42,2598,4-21 England vs Germany,2023,T. Geissinger,NA,NA,NA,NA,R. Erhardt,T. Podger,No Rebound,NA,No Shot Block,NA
Rob,4/21/24,Germany,England,3,1:21:02,12,5,5,England,Shot,Set,72,0.297896464,0.41365251,NA,157.7741455,Blocked,No,NA,Movement,NA,NA,Defensive,1,16,NA,NA,NA,NA,NA,1,91,1,2,2638,4-21 England vs Germany,2023,L. Beaman,NA,NA,NA,NA,R. Erhardt,T. Podger,Germany,R. Erhardt,Germany,A. Richter
Rob,4/21/24,Germany,England,3,1:21:15,22,5,5,Germany,Shot,Set,11,0.84168211,0.306293815,5-Hole,148.4644007,Goal,No,none,Movement,NA,NA,NA,NA,NA,NA,NA,NA,NA,NA,1,91,1,15,2625,4-21 England vs Germany,2023,A. Garbe,NA,NA,NA,NA,R. Erhardt,T. Podger,No Rebound,NA,No Shot Block,NA
Rob,4/21/24,Germany,England,3,1:22:19,23,5,5,Germany,Turnover,Transition,86,0.784868685,0.828530179,NA,NA,NA,NA,NA,NA,NA,NA,NA,NA,NA,NA,NA,NA,NA,Ball Lost,1,91,1,19,2621,4-21 England vs Germany,2023,M. Steyer,NA,NA,NA,NA,R. Erhardt,T. Podger,No Rebound,NA,No Shot Block,NA
Rob,4/21/24,Germany,England,3,1:22:28,27,5,5,England,Turnover,Transition,24,0.248297442,5.944799146e-4,NA,NA,NA,NA,NA,NA,NA,NA,NA,NA,NA,NA,NA,NA,NA,Ball Lost,1,91,1,28,2612,4-21 England vs Germany,2023,H. Foxcroft,NA,NA,NA,NA,R. Erhardt,T. Podger,No Rebound,NA,No Shot Block,NA
Rob,4/21/24,Germany,England,3,1:22:33,28,5,5,Germany,Turnover,Transition,82,0.405210713,0.652025206,NA,NA,NA,NA,NA,NA,NA,NA,NA,NA,NA,NA,NA,NA,NA,Ball Lost,1,91,1,33,2607,4-21 England vs Germany,2023,D. Panther-Robinson,NA,NA,NA,NA,R. Erhardt,T. Podger,No Rebound,NA,No Shot Block,NA
Rob,4/21/24,Germany,England,3,1:22:59,24,5,5,England,Violation/Penalty,Set,NA,NA,NA,NA,NA,NA,NA,NA,NA,NA,NA,NA,NA,NA,NA,NA,NA,NA,NA,1,91,1,59,2581,4-21 England vs Germany,2023,NA,NA,NA,NA,NA,R. Erhardt,T. Podger,No Rebound,NA,No Shot Block,NA
Rob,4/21/24,Germany,England,3,1:23:56,17,5,5,England,Turnover,Set,2,0.359218892,0.783039206,NA,NA,NA,NA,NA,NA,NA,NA,NA,NA,NA,NA,NA,NA,NA,Interrupted Pass,1,91,1,56,2584,4-21 England vs Germany,2023,L. Ford,NA,NA,NA,NA,R. Erhardt,T. Podger,No Rebound,NA,No Shot Block,NA
Rob,4/21/24,Germany,England,4,1:27:39,13,5,5,Germany,Shot,Set,11,0.150902998,0.426389982,5-Hole,153.8625963,Miss,No,Clean Save,Movement,NA,NA,NA,NA,NA,NA,NA,NA,NA,NA,1,91,1,39,3501,4-21 England vs Germany,2023,A. Garbe,NA,NA,NA,NA,R. Erhardt,T. Podger,No Rebound,NA,No Shot Block,NA
Rob,4/21/24,Germany,England,4,1:28:04,7,5,5,England,Shot,Set,21,0.84168211,0.431848899,Under Left Arm,217.3162769,Miss,No,Clean Save,Movement,NA,NA,NA,NA,NA,NA,NA,NA,NA,NA,1,91,1,4,3536,4-21 England vs Germany,2023,R. Bathurst,NA,NA,NA,NA,R. Erhardt,T. Podger,No Rebound,NA,No Shot Block,NA
Rob,4/21/24,Germany,England,4,1:28:24,11,5,5,Germany,Shot,Set,83,0.131063389,0.51191301,Left Shoulder,215.2048274,Goal,No,none,Assisted,4,12,NA,NA,NA,NA,NA,NA,NA,NA,1,91,1,24,3516,4-21 England vs Germany,2023,L. Neubert,T. Helf,L. Lürken,NA,NA,R. Erhardt,T. Podger,No Rebound,NA,No Shot Block,NA
Rob,4/21/24,Germany,England,4,1:29:29,0,5,5,Germany,Violation/Penalty,Set,NA,NA,NA,NA,NA,NA,NA,NA,NA,NA,NA,NA,NA,NA,NA,NA,NA,NA,NA,1,91,1,29,3511,4-21 England vs Germany,2023,NA,NA,NA,NA,NA,R. Erhardt,T. Podger,No Rebound,NA,No Shot Block,NA
Rob,4/21/24,Germany,England,4,1:29:53,17,5,5,England,Shot,Set,45,0.911120742,0.655664483,Top Miss,137.5587606,Miss,No,Not On Net,Movement,NA,NA,None,NA,NA,NA,NA,NA,NA,NA,1,91,1,53,3487,4-21 England vs Germany,2023,E. Racle,NA,NA,NA,NA,R. Erhardt,T. Podger,No Rebound,NA,No Shot Block,NA
Rob,4/21/24,Germany,England,4,1:30:21,7,5,5,Germany,Shot,Set,11,0.232065034,0.561043261,Under Left Arm,259.5046429,Goal,No,none,Movement,NA,NA,NA,NA,NA,NA,NA,NA,NA,NA,1,91,1,21,3519,4-21 England vs Germany,2023,A. Garbe,NA,NA,NA,NA,R. Erhardt,T. Podger,No Rebound,NA,No Shot Block,NA
Rob,4/21/24,Germany,England,4,1:31:02,21,5,5,Germany,Shot,Set,83,0.119339983,0.753924984,Left Miss,207.0022164,Miss,No,Not On Net,Assisted,86,12,Offensive,84,NA,NA,NA,NA,NA,NA,1,91,1,2,3538,4-21 England vs Germany,2023,L. Neubert,M. Steyer,L. Lürken,NA,NA,R. Erhardt,T. Podger,Germany,T. Geissinger,No Shot Block,NA
Rob,4/21/24,Germany,England,4,1:31:17,5,5,5,Germany,Turnover,Set,12,0.057115755,0.029708702,NA,NA,NA,NA,NA,NA,NA,NA,NA,NA,NA,NA,NA,NA,NA,Interrupted Pass,1,91,1,17,3523,4-21 England vs Germany,2023,L. Lürken,NA,NA,NA,NA,R. Erhardt,T. Podger,No Rebound,NA,No Shot Block,NA
Rob,4/21/24,Germany,England,4,1:31:31,19,5,5,England,Violation/Penalty,Transition,NA,NA,NA,NA,NA,NA,NA,NA,NA,NA,NA,NA,NA,NA,NA,NA,NA,NA,NA,1,91,1,31,3509,4-21 England vs Germany,2023,NA,NA,NA,NA,NA,R. Erhardt,T. Podger,No Rebound,NA,No Shot Block,NA
Rob,4/21/24,Germany,England,4,1:32:11,16,5,4,Germany,Shot,Set,4,0.247395641,0.510093372,Under Left Arm,218.1976795,Miss,No,Clean Save,Assisted,11,NA,NA,NA,NA,NA,NA,NA,NA,NA,1,91,1,11,3529,4-21 England vs Germany,2023,T. Helf,A. Garbe,NA,NA,NA,R. Erhardt,T. Podger,No Rebound,NA,No Shot Block,NA
Rob,4/21/24,Germany,England,4,1:32:18,24,5,4,England,Turnover,Transition,44,0.265431649,0.206213675,NA,NA,NA,NA,NA,NA,NA,NA,NA,NA,NA,NA,NA,NA,NA,Ball Lost,1,91,1,18,3522,4-21 England vs Germany,2023,L. Hurley,NA,NA,NA,NA,R. Erhardt,T. Podger,No Rebound,NA,No Shot Block,NA
Rob,4/21/24,Germany,England,4,1:32:22,28,5,4,Germany,Shot,Transition,11,0.106714778,0.504634455,Under Right Arm,Dive/Other,Goal,No,none,Movement,NA,NA,NA,NA,NA,NA,NA,NA,NA,NA,1,91,1,22,3518,4-21 England vs Germany,2023,A. Garbe,NA,NA,NA,NA,R. Erhardt,T. Podger,No Rebound,NA,No Shot Block,NA
Rob,4/21/24,Germany,England,4,1:33:00,25,5,5,England,Turnover,Transition,6,0.785770485,0.963183457,NA,NA,NA,NA,NA,NA,NA,NA,NA,NA,NA,NA,NA,NA,NA,Ball Lost,1,91,1,0,3540,4-21 England vs Germany,2023,H. Prettyman,NA,NA,NA,NA,R. Erhardt,T. Podger,No Rebound,NA,No Shot Block,NA
Rob,4/21/24,Germany,England,4,1:33:44,19,5,4,Germany,Shot,Set,86,0.185171413,0.471880955,Top Miss,110.9069907,Miss,No,Not On Net,Movement,NA,NA,None,NA,NA,NA,NA,NA,NA,NA,1,91,1,44,3496,4-21 England vs Germany,2023,M. Steyer,NA,NA,NA,NA,R. Erhardt,T. Podger,No Rebound,NA,No Shot Block,NA
Rob,4/21/24,Germany,England,4,1:34:07,25,5,4,Germany,Shot,Transition,20,0.11212558,0.451864927,5-Hole,200.0973893,Miss,No,Not Clean,Movement,NA,NA,Defensive,7,NA,NA,NA,NA,NA,NA,1,91,1,7,3533,4-21 England vs Germany,2023,K. Schäfer,NA,NA,NA,NA,R. Erhardt,T. Podger,England,L. Wright,No Shot Block,NA
Rob,4/21/24,Germany,England,4,1:34:32,7,5,4,England,Violation/Penalty,Set,NA,NA,NA,NA,NA,NA,NA,NA,NA,NA,NA,NA,NA,NA,NA,NA,NA,NA,NA,1,91,1,32,3508,4-21 England vs Germany,2023,NA,NA,NA,NA,NA,R. Erhardt,T. Podger,No Rebound,NA,No Shot Block,NA
Rob,4/21/24,Germany,England,4,1:35:03,13,5,4,Germany,Shot,Set,4,0.127456187,0.653844845,Left Shoulder,216.385646,Miss,No,Not Clean,Assisted,24,NA,Defensive,7,NA,NA,NA,NA,NA,NA,1,91,1,3,3537,4-21 England vs Germany,2023,T. Helf,T. Hartsieker,NA,NA,NA,R. Erhardt,T. Podger,England,L. Wright,No Shot Block,NA
Rob,4/21/24,Germany,England,4,1:35:14,27,5,4,Germany,Shot,Transition,86,0.118438183,0.431848899,Left Shoulder,166.0130151,Goal,No,none,Movement,NA,NA,NA,NA,NA,NA,NA,NA,NA,NA,1,91,1,14,3526,4-21 England vs Germany,2023,M. Steyer,NA,NA,NA,NA,R. Erhardt,T. Podger,No Rebound,NA,No Shot Block,NA
Rob,4/21/24,Germany,England,4,1:37:19,9,5,5,Germany,Shot,Set,11,0.120241784,0.306293815,Right Leg,162.2598295,Miss,No,Not Clean,Movement,NA,NA,Offensive,83,NA,NA,NA,NA,NA,NA,1,91,1,19,3521,4-21 England vs Germany,2023,A. Garbe,NA,NA,NA,NA,R. Erhardt,T. Podger,Germany,L. Neubert,No Shot Block,NA
Rob,4/21/24,Germany,England,4,1:37:29,24,5,5,Germany,Shot,Set,19,0.179760611,0.450045288,5-Hole,146.2156574,Miss,No,Clean Save,Assisted,11,NA,NA,NA,NA,NA,NA,NA,NA,NA,1,91,1,29,3511,4-21 England vs Germany,2023,L. Delker,A. Garbe,NA,NA,NA,R. Erhardt,T. Podger,No Rebound,NA,No Shot Block,NA
Rob,4/21/24,Germany,England,4,1:38:01,0,5,5,England,Violation/Penalty,Set,NA,NA,NA,NA,NA,NA,NA,NA,NA,NA,NA,NA,NA,NA,NA,NA,NA,NA,NA,1,91,1,1,3539,4-21 England vs Germany,2023,NA,NA,NA,NA,NA,R. Erhardt,T. Podger,No Rebound,NA,No Shot Block,NA
Rob,4/21/24,Germany,England,4,1:38:39,19,5,5,England,Shot,Set,72,0.783065084,0.519191566,Under Left Arm,143.4359768,Goal,No,none,Assisted,21,NA,NA,NA,NA,NA,NA,NA,NA,NA,1,91,1,39,3501,4-21 England vs Germany,2023,L. Beaman,R. Bathurst,NA,NA,NA,R. Erhardt,T. Podger,No Rebound,NA,No Shot Block,NA
Rob,4/21/24,Germany,England,4,1:39:27,22,5,5,Germany,Turnover,Transition,11,0.33306668,0.146165592,NA,NA,NA,NA,NA,NA,NA,NA,NA,NA,NA,NA,NA,NA,NA,Interrupted Pass,1,91,1,27,3513,4-21 England vs Germany,2023,A. Garbe,NA,NA,NA,NA,R. Erhardt,T. Podger,No Rebound,NA,No Shot Block,NA
Rob,4/21/24,Germany,England,4,1:39:31,29,5,5,England,Turnover,Transition,15,0.240181238,0.100674619,NA,NA,NA,NA,NA,NA,NA,NA,NA,NA,NA,NA,NA,NA,NA,Interrupted Pass,1,91,1,31,3509,4-21 England vs Germany,2023,C. Lane,NA,NA,NA,NA,R. Erhardt,T. Podger,No Rebound,NA,No Shot Block,NA
Rob,4/21/24,Germany,England,4,1:39:35,29,5,5,Germany,Violation/Penalty,Transition,NA,NA,NA,NA,NA,NA,NA,NA,NA,NA,NA,NA,NA,NA,NA,NA,NA,NA,NA,1,91,1,35,3505,4-21 England vs Germany,2023,NA,NA,NA,NA,NA,R. Erhardt,T. Podger,No Rebound,NA,No Shot Block,NA
Rob,4/21/24,Germany,England,4,1:40:42,11,4,5,England,Violation/Penalty,Set,NA,NA,NA,NA,NA,NA,NA,NA,NA,NA,NA,NA,NA,NA,NA,NA,NA,NA,NA,1,91,1,42,3498,4-21 England vs Germany,2023,NA,NA,NA,NA,NA,R. Erhardt,T. Podger,No Rebound,NA,No Shot Block,NA
Rob,4/21/24,Germany,England,4,1:41:24,12,3,5,England,Shot,Set,72,0.916531544,0.712073289,Under Left Arm,157.1535477,Miss,No,Clean Save,Assisted,73,21,NA,NA,NA,NA,NA,NA,NA,NA,1,91,1,24,3516,4-21 England vs Germany,2023,L. Beaman,D. Emetulu,R. Bathurst,NA,NA,R. Erhardt,T. Podger,No Rebound,NA,No Shot Block,NA
Rob,4/21/24,Germany,England,4,1:41:54,5,3,5,Germany,Shot,Set,4,0.241984839,0.175279814,Left Leg,218.7339316,Miss,No,Not Clean,Movement,NA,NA,Offensive,4,NA,NA,NA,NA,NA,NA,1,91,1,54,3486,4-21 England vs Germany,2023,T. Helf,NA,NA,NA,NA,R. Erhardt,T. Podger,Germany,T. Helf,No Shot Block,NA
Rob,4/21/24,Germany,England,4,1:42:22,4,3,5,Germany,Shot,Set,84,0.195993018,0.830349818,NA,35.76572949,Blocked,No,NA,Movement,NA,NA,Defensive,27,21,NA,NA,NA,NA,NA,1,91,1,22,3518,4-21 England vs Germany,2023,T. Geissinger,NA,NA,NA,NA,R. Erhardt,T. Podger,England,H. Cegla,England,R. Bathurst
Rob,4/21/24,Germany,England,4,1:42:46,9,3,5,England,Shot,Set,75,0.873245125,0.522830844,Right Shoulder,155.6401355,Goal,No,none,Assisted,45,NA,NA,NA,NA,NA,NA,NA,NA,NA,1,91,1,46,3494,4-21 England vs Germany,2023,L. Lewis,E. Racle,NA,NA,NA,R. Erhardt,T. Podger,No Rebound,NA,No Shot Block,NA
Rob,4/21/24,Germany,England,4,1:43:41,10,5,5,Germany,Shot,Set,11,0.148197596,0.724810762,Left Miss,218.1813852,Miss,No,Not On Net,Assisted,84,NA,Offensive,86,NA,NA,NA,NA,NA,NA,1,91,1,41,3499,4-21 England vs Germany,2023,A. Garbe,T. Geissinger,NA,NA,NA,R. Erhardt,T. Podger,Germany,M. Steyer,No Shot Block,NA
Rob,4/21/24,Germany,England,4,1:43:51,0,5,5,Germany,Violation/Penalty,Set,NA,NA,NA,NA,NA,NA,NA,NA,NA,NA,NA,NA,NA,NA,NA,NA,NA,NA,NA,1,91,1,51,3489,4-21 England vs Germany,2023,NA,NA,NA,NA,NA,R. Erhardt,T. Podger,No Rebound,NA,No Shot Block,NA
Rob,4/21/24,Germany,England,4,1:44:02,23,5,5,England,Turnover,Transition,58,0.569338387,0.335408037,NA,NA,NA,NA,NA,NA,NA,NA,NA,NA,NA,NA,NA,NA,NA,Ball Lost,1,91,1,2,3538,4-21 England vs Germany,2023,Z. Russell,NA,NA,NA,NA,R. Erhardt,T. Podger,No Rebound,NA,No Shot Block,NA
Rob,4/21/24,Germany,England,4,1:44:47,7,5,5,Germany,Shot,Set,84,0.254610045,0.490077344,5-Hole,31.47853518,Miss,No,Clean Save,Assisted,83,NA,NA,NA,NA,NA,NA,NA,NA,NA,1,91,1,47,3493,4-21 England vs Germany,2023,T. Geissinger,L. Neubert,NA,NA,NA,R. Erhardt,T. Podger,No Rebound,NA,No Shot Block,NA
Rob,4/21/24,Germany,England,4,1:45:05,13,5,5,England,Turnover,Set,2,0.849798314,0.881299707,NA,NA,NA,NA,NA,NA,NA,NA,NA,NA,NA,NA,NA,NA,NA,Ball Lost,1,91,1,5,3535,4-21 England vs Germany,2023,L. Ford,NA,NA,NA,NA,R. Erhardt,T. Podger,No Rebound,NA,No Shot Block,NA
Rob,4/21/24,Germany,England,4,1:45:22,17,5,5,Germany,Shot,Transition,86,0.085973368,0.373620454,Right Shoulder,Dive/Other,Goal,No,none,Movement,NA,NA,NA,NA,NA,NA,NA,NA,NA,NA,1,91,1,22,3518,4-21 England vs Germany,2023,M. Steyer,NA,NA,NA,NA,R. Erhardt,T. Podger,No Rebound,NA,No Shot Block,NA
Rob,4/21/24,Germany,England,4,1:46:06,23,5,5,England,Turnover,Transition,73,0.700099446,0.308113454,NA,NA,NA,NA,NA,NA,NA,NA,NA,NA,NA,NA,NA,NA,NA,Ball Lost,1,91,1,6,3534,4-21 England vs Germany,2023,D. Emetulu,NA,NA,NA,NA,R. Erhardt,T. Podger,No Rebound,NA,No Shot Block,NA
Rob,4/21/24,Germany,England,4,1:46:17,21,5,5,Germany,Turnover,Transition,4,0.162626403,0.744826789,NA,NA,NA,NA,NA,NA,NA,NA,NA,NA,NA,NA,NA,NA,NA,Ball Lost,1,91,1,17,3523,4-21 England vs Germany,2023,T. Helf,NA,NA,NA,NA,R. Erhardt,T. Podger,No Rebound,NA,No Shot Block,NA
Rob,4/21/24,Germany,England,4,1:46:45,6,5,5,England,Shot,Set,21,0.754207471,0.275359954,Right Miss,206.1939094,Miss,No,Not On Net,Movement,NA,NA,None,NA,NA,NA,NA,NA,NA,NA,1,91,1,45,3495,4-21 England vs Germany,2023,R. Bathurst,NA,NA,NA,NA,R. Erhardt,T. Podger,No Rebound,NA,No Shot Block,NA
Rob,4/21/24,Germany,England,4,1:47:35,18,4,5,England,Shot,Set,75,0.834467707,0.746646428,NA,159.4762562,Blocked,No,NA,Assisted,72,21,Defensive,81,26,NA,NA,NA,NA,NA,1,91,1,35,3505,4-21 England vs Germany,2023,L. Lewis,L. Beaman,R. Bathurst,NA,NA,R. Erhardt,T. Podger,Germany,M. Rockrohr,Germany,E. Fuchshuber
Rob,4/21/24,Germany,England,4,1:47:47,26,4,5,Germany,Shot,Transition,81,0.122045385,0.526470122,5-Hole,145.9996854,Goal,No,none,Movement,NA,NA,NA,NA,NA,NA,NA,NA,NA,NA,1,91,1,47,3493,4-21 England vs Germany,2023,M. Rockrohr,NA,NA,NA,NA,R. Erhardt,T. Podger,No Rebound,NA,No Shot Block,NA
Rob,4/21/24,Germany,England,4,1:48:37,26,4,5,Germany,Shot,Transition,86,0.13376879,0.5956164,Left Miss,143.0732401,Miss,No,Not On Net,Movement,NA,NA,Defensive,2,NA,NA,NA,NA,NA,NA,1,91,1,37,3503,4-21 England vs Germany,2023,M. Steyer,NA,NA,NA,NA,R. Erhardt,T. Podger,England,L. Ford,No Shot Block,NA
Rob,4/21/24,Germany,England,4,1:48:52,15,4,5,England,Shot,Set,2,0.777654281,0.6283699,Left Shoulder,149.4927108,Miss,No,Not Clean,Assisted,75,NA,None,NA,NA,NA,NA,NA,NA,NA,1,91,1,52,3488,4-21 England vs Germany,2023,L. Ford,L. Lewis,NA,NA,NA,R. Erhardt,T. Podger,No Rebound,NA,No Shot Block,NA
Rob,4/21/24,Germany,England,4,1:49:13,23,4,5,England,Turnover,Set,2,0.756011072,0.519191566,NA,NA,NA,NA,NA,NA,NA,NA,NA,NA,NA,NA,NA,NA,NA,Interrupted Pass,1,91,1,13,3527,4-21 England vs Germany,2023,L. Ford,NA,NA,NA,NA,R. Erhardt,T. Podger,No Rebound,NA,No Shot Block,NA
Rob,4/21/24,Germany,England,4,1:49:49,2,4,5,Germany,Shot,Set,84,0.084169767,0.28081887,Top Miss,64.52062535,Miss,No,Not On Net,Assisted,11,NA,None,NA,NA,NA,NA,NA,NA,NA,1,91,1,49,3491,4-21 England vs Germany,2023,T. Geissinger,A. Garbe,NA,NA,NA,R. Erhardt,T. Podger,No Rebound,NA,No Shot Block,NA
Rob,4/21/24,Germany,England,4,1:50:22,8,5,5,England,Violation/Penalty,Set,NA,NA,NA,NA,NA,NA,NA,NA,NA,NA,NA,NA,NA,NA,NA,NA,NA,NA,NA,1,91,1,22,3518,4-21 England vs Germany,2023,NA,NA,NA,NA,NA,R. Erhardt,T. Podger,No Rebound,NA,No Shot Block,NA